{
  "citation": "",
  "description": "",
  "features": {
    "turn": {
      "dtype": "string",
      "_type": "Value"
    },
    "details": {
      "actions": [
        {
          "adversary_0": {
            "dtype": "int64",
            "_type": "Value"
          },
          "agent_0": {
            "dtype": "int64",
            "_type": "Value"
          },
          "agent_1": {
            "dtype": "int64",
            "_type": "Value"
          }
        }
      ],
      "next_state": {
        "adversary_0(Thief)": {
          "feature": {
            "dtype": "float64",
            "_type": "Value"
          },
          "_type": "Sequence"
        },
        "agent_0(Elf Wizard)": {
          "feature": {
            "dtype": "float64",
            "_type": "Value"
          },
          "_type": "Sequence"
        },
        "agent_1(Human Warrior)": {
          "feature": {
            "dtype": "float64",
            "_type": "Value"
          },
          "_type": "Sequence"
        }
      },
      "reward": [
        {
          "adversary_0": {
            "dtype": "float64",
            "_type": "Value"
          },
          "agent_0": {
            "dtype": "float64",
            "_type": "Value"
          },
          "agent_1": {
            "dtype": "float64",
            "_type": "Value"
          }
        }
      ],
      "state": [
        {
          "adversary_0(Thief)": {
            "feature": {
              "dtype": "float64",
              "_type": "Value"
            },
            "_type": "Sequence"
          },
          "agent_0(Elf Wizard)": {
            "feature": {
              "dtype": "float64",
              "_type": "Value"
            },
            "_type": "Sequence"
          },
          "agent_1(Human Warrior)": {
            "feature": {
              "dtype": "float64",
              "_type": "Value"
            },
            "_type": "Sequence"
          }
        }
      ]
    },
    "dialogue": {
      "feature": {
        "dtype": "null",
        "_type": "Value"
      },
      "_type": "Sequence"
    }
  },
  "homepage": "",
  "license": ""
}